序号,标题,BV号,链接,作者,分区,播放量,弹幕数,点赞数,发布日期
1,科比的哲学启示录第十四期,BV1mhV26yETL,https://www.bilibili.com/video/BV1mhV26yETL,蟹不肉丨,影视剪辑,1920304,491,118563,2026-06-03
1,“超微距”下的瑞士长什么样？,BV1vkVB6NEuR,https://www.bilibili.com/video/BV1vkVB6NEuR,影视飓风,娱乐粉丝创作,1190451,4499,64636,2026-06-03
1,今天把我关于《丧尸清道夫》的创作思路分享给大家，如果能帮到你，我会很开心。,BV1xuVC6AEbg,https://www.bilibili.com/video/BV1xuVC6AEbg,Mx-Shell,影视剪辑,569050,455,39942,2026-06-03
1,"从""健身芭比""到""女企业家""，帕梅拉有多会""赚""？",BV1f3VU6KEqy,https://www.bilibili.com/video/BV1f3VU6KEqy,小Lin说,财经商业,766047,852,27039,2026-06-03
1,「永不停歇的旅程」——《少女前线2：追放》芙铃角色PV公开,BV1JtVm6iEdR,https://www.bilibili.com/video/BV1JtVm6iEdR,少女前线2-追放制作组,手机游戏,396528,297,9418,2026-06-03
1,《你来真的啊》,BV16BVy6wEfx,https://www.bilibili.com/video/BV16BVy6wEfx,伤心欲茄222,搞笑,1738394,854,172582,2026-06-03
1,顶级博主，野外拍摄，为什么只用手机？,BV16NVZ6wEQk,https://www.bilibili.com/video/BV16NVZ6wEQk,查叔Charles,日常,173995,187,11620,2026-06-01
1,我的世界杯主题曲！IShowSpeed - World Cup (Champions),BV1jwV663EjR,https://www.bilibili.com/video/BV1jwV663EjR,ishowspeedsui,竞技体育,2681547,1619,136921,2026-06-02
1,欢迎来到304班娃娃店,BV1BqVS6MEL8,https://www.bilibili.com/video/BV1BqVS6MEL8,蟹上皇呀,日常,1061477,438,100330,2026-05-31
1,用3万元富游一天韩国是种什么体验？,BV1wsVf6MEqr,https://www.bilibili.com/video/BV1wsVf6MEqr,杰克小兔,出行,880620,4701,21408,2026-06-02
1,理财PK两个月，6位UP主已经彻底疯狂...【理财王5月战绩汇报】,BV1WgVC6YERr,https://www.bilibili.com/video/BV1WgVC6YERr,-LKs-,财经商业,987924,3138,43512,2026-06-03
1,“本就注定等不到吗...”,BV1JjVr6SEpu,https://www.bilibili.com/video/BV1JjVr6SEpu,是DollDoll,综合,269478,101,24760,2026-06-02
1,不儿，你俩来真的啊？！,BV1RvVo6QEqo,https://www.bilibili.com/video/BV1RvVo6QEqo,主持人yoyo酱,搞笑,2696392,10218,418899,2026-06-01
1,当你看到这条视频的时候我相信你成为我的粉丝不远了,BV1Ak5F61ECk,https://www.bilibili.com/video/BV1Ak5F61ECk,刮蜡皮小能手,日常,1163042,590,46285,2026-06-01
1,当父母说出了正确答案：,BV16kV26TES7,https://www.bilibili.com/video/BV16kV26TES7,进击的金厂长,搞笑,426141,365,52813,2026-06-03
1,下 一 个 抓 谁 ！！！,BV1MG7961Efg,https://www.bilibili.com/video/BV1MG7961Efg,啊吗粽,搞笑,565531,3193,67411,2026-06-03
1,我打孔子，真的假的？,BV1xWG16qEBn,https://www.bilibili.com/video/BV1xWG16qEBn,自动鬼畜中的WZ,鬼畜调教,2503957,2175,118342,2026-06-01
1,兄弟们！今天给良子做一个入营测试，这身体身体素质，跟我想的不太一样啊!,BV1ogV26FEhB,https://www.bilibili.com/video/BV1ogV26FEhB,健身华哥,运动综合,1278370,2947,67932,2026-06-03
1,《上海奥特曼4：沪特曼集结！》,BV1r6V26BE9i,https://www.bilibili.com/video/BV1r6V26BE9i,册那队长,小剧场,1279885,530,62862,2026-06-03
1,12个脑洞大开的做饭方式！,BV1H9V86REuf,https://www.bilibili.com/video/BV1H9V86REuf,胡仔一人食,美食制作,1295709,315,61031,2026-05-29
21,一顿饭只要三块钱，客人吃着吃着，人就“没了”,BV15wVB6YECT,https://www.bilibili.com/video/BV15wVB6YECT,瞎通不设计了,美食侦探,1342663,1607,171112,2026-06-02
21,金库测金，海峡测雷，万税爷进军测评赛道？,BV1NoVm62EFd,https://www.bilibili.com/video/BV1NoVm62EFd,麻薯波比呀,社科·法律·心理,736713,1774,48463,2026-06-03
21,【IGN】《战神：劳菲（God of War Laufey）》深度玩法演示 |  State of Play,BV1CYVy6vETT,https://www.bilibili.com/video/BV1CYVy6vETT,IGN中国,单机游戏,1160112,10551,27640,2026-06-03
21,【战双帕弥什】剧情动画 | “最好的一日”,BV1FNV26YEZo,https://www.bilibili.com/video/BV1FNV26YEZo,战双帕弥什,手机游戏,406100,319,16131,2026-06-03
21,初代跑男团战力排行,BV1cmVz6DEmi,https://www.bilibili.com/video/BV1cmVz6DEmi,东方日出哇,特摄,1164988,2654,91548,2026-06-02
21,《原神》洛恩角色PV——「标准化考核」,BV1oqVB6BECd,https://www.bilibili.com/video/BV1oqVB6BECd,原神,手机游戏,1049613,5053,106864,2026-06-03
21,做了一把千机伞，能变十三个形态的那种｜最强的武器一定是自制的,BV11BVU6mEUe,https://www.bilibili.com/video/BV11BVU6mEUe,o小庄o,仿妆cos,2748600,1258,137307,2026-05-31
21,10倍差价，凭什么赢？ 领克如何跑赢保时捷？,BV1N7Vm65E9z,https://www.bilibili.com/video/BV1N7Vm65E9z,所长Wy,汽车生活,575271,661,19591,2026-06-03
21,回忆永远都是加分项,BV1QzVR63E3L,https://www.bilibili.com/video/BV1QzVR63E3L,央视新闻,日常,2801997,21270,482768,2026-06-01
21,带良子和花胖在华哥训练营偷吃，闷子、板面、大肠都安排上,BV17pVC6WECy,https://www.bilibili.com/video/BV17pVC6WECy,俞涛不光会做九转大肠,美食记录,805270,513,40867,2026-06-03
21,一辈子一定要体验一次的游戏，绝对不能被剧透的神作,BV1F9Vz62ExS,https://www.bilibili.com/video/BV1F9Vz62ExS,易铭小疯子,网络游戏,575380,2803,29466,2026-06-02
21,别的嘉豪：黑客股票 我们班嘉豪：暗网共济会光明会，就很，你们懂吧？,BV1xn796gEwT,https://www.bilibili.com/video/BV1xn796gEwT,一棵一棵,搞笑,275302,1245,14050,2026-06-03
21,如果我来挑战拍华语地区的经典MV风格？这一期是粉丝投稿哦！,BV1bL796CEpe,https://www.bilibili.com/video/BV1bL796CEpe,李如儒也是李蠕蠕,小剧场,326483,510,27986,2026-06-03
21,【传奇耐熬王】经典排骨💀60天仍然有5人存活💪到最后拼的就是谁身体好！🤦‍♂️,BV1hAVm6XEE2,https://www.bilibili.com/video/BV1hAVm6XEE2,-超级小能猫-,搞笑,360079,5621,25403,2026-06-03
21,二次元老资历童年都在听什么？！老番串烧34首大连唱！,BV1B75w6zEG1,https://www.bilibili.com/video/BV1B75w6zEG1,鹿火CAVY,仿妆cos,1129644,2533,85846,2026-06-02
21,此树扎根之时 便是沧海化桑田之始,BV1YcVf69ECW,https://www.bilibili.com/video/BV1YcVf69ECW,芳斯塔芙,科学科普,2636097,3002,37792,2026-06-03
21,Oi，今天跟老舅争锋相对！！,BV1DyVm6REs8,https://www.bilibili.com/video/BV1DyVm6REs8,花小龙oy,健身,416124,388,32456,2026-06-03
21,"""这一刻，他简直正的发邪""",BV1dFV66rEwZ,https://www.bilibili.com/video/BV1dFV66rEwZ,wrizedm,影视剪辑,639914,215,49340,2026-06-02
21,期末到了，你们寝室准备好应对之策了吗,BV1gWVd6GEna,https://www.bilibili.com/video/BV1gWVd6GEna,灵霖七,日常,1330964,931,65206,2026-06-01
21,剥蒜的情谊147.0,BV1LCV66VE45,https://www.bilibili.com/video/BV1LCV66VE45,NinthA-,网络游戏,434896,395,38971,2026-06-03
41,阳寿伏妖  青州篇【一口气看完八小时合集】,BV1uAVo6yE5n,https://www.bilibili.com/video/BV1uAVo6yE5n,七夜不起夜z,综合,550685,6665,32565,2026-06-01
41,东北下岗三十年后，我看见了普通人的生活,BV1iQV26cEfX,https://www.bilibili.com/video/BV1iQV26cEfX,十七岁歌手想打中单,出行,255342,1276,13001,2026-06-03
41,卡 布 达 买 瓜,BV1eoVZ64EDP,https://www.bilibili.com/video/BV1eoVZ64EDP,增殖的发呆,搞笑,1353755,1294,57459,2026-06-01
41,第一次在芬兰湖泊下笼捕鱼轻松爆桶太炸裂！现捕现吃全鱼宴香翻全家！耗时两个月农家乐改造全记录！,BV1o77X6pE5B,https://www.bilibili.com/video/BV1o77X6pE5B,雨琪在芬兰,美食记录,227434,2588,17028,2026-06-03
41,可不可以买三十块烧腊？,BV1jLVU6eEXE,https://www.bilibili.com/video/BV1jLVU6eEXE,食深烧腊,美食测评,433547,230,40465,2026-06-03
41,【36氪】为什么北京上海能管好电鸡，广东深圳却管不能？,BV1efV26xEhf,https://www.bilibili.com/video/BV1efV26xEhf,36氪,财经商业,213522,791,6758,2026-06-03
41,颠覆你以往所有语文答题习惯，考前急救！！！,BV1KUV36jEuG,https://www.bilibili.com/video/BV1KUV36jEuG,诺千金姐姐,校园学习,645190,5907,51967,2026-05-30
41,【aespa】LEMONNNN,BV1bwV161Er2,https://www.bilibili.com/video/BV1bwV161Er2,aespa,音乐综合,708844,145,11745,2026-06-03
41,歌剧老师锐评韩娱BLACKPINK  JYP & MAMAOO Red Velvet TWICE,BV1TL796CE52,https://www.bilibili.com/video/BV1TL796CE52,铁豆钢蛋,乐评盘点,436656,16148,30289,2026-06-03
41,地牢酒馆-12集 《蜕皮的蜥蜴人与神奇薄荷》,BV1T2V161E6J,https://www.bilibili.com/video/BV1T2V161E6J,粘土工厂,单机游戏,564312,939,90178,2026-06-03
41,《鸣潮》开发组特别对谈——鸣潮演出&PV制作揭秘,BV1s7Vm6VEUw,https://www.bilibili.com/video/BV1s7Vm6VEUw,鸣潮,动漫杂谈,355126,6539,37232,2026-06-03
41,竹丝镶嵌,BV1jBVS6qEPK,https://www.bilibili.com/video/BV1jBVS6qEPK,归乡人山白,手工,612768,2315,86243,2026-06-02
41,TheShy出道九周年开箱VLOG,BV1awVm6WEKL,https://www.bilibili.com/video/BV1awVm6WEKL,TheShy,电子竞技,244577,1046,19280,2026-06-03
41,【速凌宇宙】第十九集：哈基蜂化身哈夫克安保队长？？准备摇人？,BV1y8Vk6fEwn,https://www.bilibili.com/video/BV1y8Vk6fEwn,高司令-速凌电竞,单机游戏,968136,2937,57302,2026-06-03
41,《明日方舟：终末地》干员叙事 [弭弗：煞星],BV1dCV66GEgM,https://www.bilibili.com/video/BV1dCV66GEgM,明日方舟终末地,手机游戏,936478,3235,39299,2026-06-03
41,传奇捡漏王,BV1K9Vm6UEHW,https://www.bilibili.com/video/BV1K9Vm6UEHW,真子日记,搞笑,578907,1181,31316,2026-06-03
41,财阀世袭无法无天？韩国职场有多窒息？,BV1z1V26NEyH,https://www.bilibili.com/video/BV1z1V26NEyH,世界见闻录,人文历史,307794,1474,21875,2026-06-03
41,网购到假地址，闪送调包再退货……女子“小聪明”付出“大代价”,BV1HWVm6uEz2,https://www.bilibili.com/video/BV1HWVm6uEz2,央视新闻,日常,607983,192,33516,2026-06-03
41,太正！正！《绝命毒师》官方联名出品炸鸡粉品鉴！！！,BV1uDVm6DEMW,https://www.bilibili.com/video/BV1uDVm6DEMW,小B的中间世界,美食测评,246574,805,15319,2026-06-03
41,坏了，这下特朗普都反犹了,BV1YmV666EoR,https://www.bilibili.com/video/BV1YmV666EoR,波士顿圆脸,社科·法律·心理,1165734,2631,64088,2026-06-02
